,Date,Ticker,Operation,Open price,Z-Score,Commissions,Shares,Close price,P/L
0,2017-10-20,NASDAQ:LSCC,Sell,5.79,2.234,8.64,1728,0.0,0.0
1,2017-10-20,NASDAQ:MEDP,Buy,33.65,2.234,1.485,297,0.0,0.0
2,2017-10-26,NASDAQ:LSCC,Close,5.79,-0.023,8.64,1728,5.79,-17.28
3,2017-10-26,NASDAQ:MEDP,Close,33.65,-0.023,1.485,297,34.84,356.4
4,2017-10-31,NASDAQ:LSCC,Buy,5.85,-2.918,8.81,1762,0.0,0.0
5,2017-10-31,NASDAQ:MEDP,Sell,37.46,-2.918,1.375,275,0.0,0.0
6,2017-11-08,NASDAQ:LSCC,Close,5.85,1.084,8.81,1762,6.4,951.48
7,2017-11-08,NASDAQ:MEDP,Close,37.46,1.084,1.375,275,37.3,46.75
8,2017-11-09,NASDAQ:LSCC,Sell,6.38,2.526,8.845,1769,0.0,0.0
9,2017-11-09,NASDAQ:MEDP,Buy,35.52,2.526,1.59,318,0.0,0.0
10,2017-11-30,NASDAQ:LSCC,Timeout,6.38,0.125,8.845,1769,5.88,902.19
11,2017-11-30,NASDAQ:MEDP,Timeout,35.52,0.125,1.59,318,33.3,-702.78
12,2017-12-06,NASDAQ:LSCC,Buy,5.58,-2.403,10.27,2054,0.0,0.0
13,2017-12-06,NASDAQ:MEDP,Sell,33.65,-2.403,1.7,340,0.0,0.0
14,2017-12-27,NASDAQ:LSCC,Timeout,5.58,-0.813,10.27,2054,5.76,369.72
15,2017-12-27,NASDAQ:MEDP,Timeout,33.65,-0.813,1.7,340,36.79,-1064.2
16,2018-01-08,NASDAQ:LSCC,Sell,6.09,2.028,8.82,1764,0.0,0.0
17,2018-01-08,NASDAQ:MEDP,Buy,36.82,2.028,1.46,292,0.0,0.0
18,2018-01-29,NASDAQ:LSCC,Timeout,6.09,1.811,8.82,1764,6.67,-1023.12
19,2018-01-29,NASDAQ:MEDP,Timeout,36.82,1.811,1.46,292,38.78,575.24
20,2018-01-30,NASDAQ:LSCC,Sell,6.59,2.47,7.8,1560,0.0,0.0
21,2018-01-30,NASDAQ:MEDP,Buy,37.62,2.47,1.365,273,0.0,0.0
22,2018-02-08,NASDAQ:LSCC,Close,6.59,-3.291,7.8,1560,5.67,1450.8
23,2018-02-08,NASDAQ:MEDP,Close,37.62,-3.291,1.365,273,35.79,-496.86
24,2018-02-08,NASDAQ:LSCC,Buy,5.67,-3.291,9.905,1981,0.0,0.0
25,2018-02-08,NASDAQ:MEDP,Sell,35.79,-3.291,1.565,313,0.0,0.0
26,2018-02-27,NASDAQ:LSCC,Close,5.67,2.463,9.905,1981,6.03,713.16
27,2018-02-27,NASDAQ:MEDP,Close,35.79,2.463,1.565,313,32.03,1178.44
28,2018-02-27,NASDAQ:LSCC,Sell,6.03,2.463,10.865,2173,0.0,0.0
29,2018-02-27,NASDAQ:MEDP,Buy,32.03,2.463,2.04,408,0.0,0.0
30,2018-03-19,NASDAQ:LSCC,Close,6.03,-0.306,10.865,2173,6.08,-130.38
31,2018-03-19,NASDAQ:MEDP,Close,32.03,-0.306,2.04,408,36.35,1764.6
32,2018-03-27,NASDAQ:LSCC,Buy,5.63,-2.277,13.04,2608,0.0,0.0
33,2018-03-27,NASDAQ:MEDP,Sell,36.11,-2.277,2.035,407,0.0,0.0
34,2018-04-17,NASDAQ:LSCC,Timeout,5.63,-0.743,13.04,2608,5.65,26.08
35,2018-04-17,NASDAQ:MEDP,Timeout,36.11,-0.743,2.035,407,37.61,-606.43
36,2018-04-23,NASDAQ:LSCC,Buy,5.21,-2.288,13.535,2707,0.0,0.0
37,2018-04-23,NASDAQ:MEDP,Sell,37.09,-2.288,1.895,379,0.0,0.0
38,2018-04-27,NASDAQ:LSCC,Close,5.21,0.225,13.535,2707,5.59,1055.73
39,2018-04-27,NASDAQ:MEDP,Close,37.09,0.225,1.895,379,37.34,-90.96
40,2018-05-08,NASDAQ:LSCC,Buy,5.45,-2.184,13.795,2759,0.0,0.0
41,2018-05-08,NASDAQ:MEDP,Sell,40.05,-2.184,1.875,375,0.0,0.0
42,2018-05-29,NASDAQ:LSCC,Timeout,5.45,-0.65,13.795,2759,5.59,413.85
43,2018-05-29,NASDAQ:MEDP,Timeout,40.05,-0.65,1.875,375,42.48,-907.5
44,2018-06-12,NASDAQ:LSCC,Sell,6.23,3.522,11.645,2329,0.0,0.0
45,2018-06-12,NASDAQ:MEDP,Buy,42.0,3.522,1.725,345,0.0,0.0
46,2018-07-03,NASDAQ:LSCC,Timeout,6.23,0.113,11.645,2329,6.35,-302.77
47,2018-07-03,NASDAQ:MEDP,Timeout,42.0,0.113,1.725,345,43.92,665.85
48,2018-07-20,NASDAQ:LSCC,Buy,6.7,-2.032,11.075,2215,0.0,0.0
49,2018-07-20,NASDAQ:MEDP,Sell,47.97,-2.032,1.545,309,0.0,0.0
50,2018-07-26,NASDAQ:LSCC,Close,6.7,0.096,11.075,2215,7.09,886.0
51,2018-07-26,NASDAQ:MEDP,Close,47.97,0.096,1.545,309,48.76,-241.02
52,2018-07-27,NASDAQ:LSCC,Sell,7.67,4.358,10.08,2016,0.0,0.0
53,2018-07-27,NASDAQ:MEDP,Buy,47.73,4.358,1.615,323,0.0,0.0
54,2018-07-31,NASDAQ:LSCC,Close,7.67,-3.234,10.08,2016,7.7,-60.48
55,2018-07-31,NASDAQ:MEDP,Close,47.73,-3.234,1.615,323,61.36,4405.72
56,2018-07-31,NASDAQ:LSCC,Buy,7.7,-3.234,12.85,2570,0.0,0.0
57,2018-07-31,NASDAQ:MEDP,Sell,61.36,-3.234,1.61,322,0.0,0.0
58,2018-08-21,NASDAQ:LSCC,Timeout,7.7,-0.306,12.85,2570,7.58,-282.7
59,2018-08-21,NASDAQ:MEDP,Timeout,61.36,-0.306,1.61,322,57.09,1378.16
60,2018-08-28,NASDAQ:LSCC,Sell,8.01,2.286,13.0,2600,0.0,0.0
61,2018-08-28,NASDAQ:MEDP,Buy,56.87,2.286,1.83,366,0.0,0.0
62,2018-09-04,NASDAQ:LSCC,Close,8.01,-0.18,13.0,2600,8.25,-598.0
63,2018-09-04,NASDAQ:MEDP,Close,56.87,-0.18,1.83,366,61.31,1628.7
64,2018-09-10,NASDAQ:LSCC,Buy,7.75,-3.522,14.08,2816,0.0,0.0
65,2018-09-10,NASDAQ:MEDP,Sell,61.55,-3.522,1.77,354,0.0,0.0
66,2018-09-19,NASDAQ:LSCC,Close,7.75,0.004,14.08,2816,7.55,-563.2
67,2018-09-19,NASDAQ:MEDP,Close,61.55,0.004,1.77,354,57.7,1366.44
68,2018-10-04,NASDAQ:LSCC,Sell,8.56,2.687,13.2,2640,0.0,0.0
69,2018-10-04,NASDAQ:MEDP,Buy,57.87,2.687,1.95,390,0.0,0.0
70,2018-10-25,NASDAQ:LSCC,Close,8.56,-0.294,13.2,2640,7.08,3933.6
71,2018-10-25,NASDAQ:MEDP,Close,57.87,-0.294,1.95,390,50.02,-3057.6
72,2018-10-26,NASDAQ:LSCC,Buy,6.16,-3.006,19.04,3808,0.0,0.0
73,2018-10-26,NASDAQ:MEDP,Sell,47.74,-3.006,2.455,491,0.0,0.0
74,2018-11-16,NASDAQ:LSCC,Timeout,6.16,-0.806,19.04,3808,5.79,-1389.92
75,2018-11-16,NASDAQ:MEDP,Timeout,47.74,-0.806,2.455,491,55.45,-3780.7
76,2018-11-30,NASDAQ:LSCC,Buy,5.87,-2.372,15.555,3111,0.0,0.0
77,2018-11-30,NASDAQ:MEDP,Sell,61.9,-2.372,1.47,294,0.0,0.0
78,2018-12-04,NASDAQ:LSCC,Close,5.87,0.834,15.555,3111,6.5,1991.04
79,2018-12-04,NASDAQ:MEDP,Close,61.9,0.834,1.47,294,61.41,147.0
80,2018-12-06,NASDAQ:LSCC,Sell,6.99,3.759,14.565,2913,0.0,0.0
81,2018-12-06,NASDAQ:MEDP,Buy,59.68,3.759,1.705,341,0.0,0.0
82,2018-12-27,NASDAQ:LSCC,Timeout,6.99,0.93,14.565,2913,6.81,495.21
83,2018-12-27,NASDAQ:MEDP,Timeout,59.68,0.93,1.705,341,52.25,-2530.22
84,2019-01-15,NASDAQ:LSCC,Buy,7.25,-2.178,12.6,2520,0.0,0.0
85,2019-01-15,NASDAQ:MEDP,Sell,60.46,-2.178,1.51,302,0.0,0.0
86,2019-01-25,NASDAQ:LSCC,Close,7.25,0.317,12.6,2520,7.78,1310.4
87,2019-01-25,NASDAQ:MEDP,Close,60.46,0.317,1.51,302,61.22,-226.5
88,2019-02-04,NASDAQ:LSCC,Buy,7.81,-2.486,12.37,2474,0.0,0.0
89,2019-02-04,NASDAQ:MEDP,Sell,67.7,-2.486,1.425,285,0.0,0.0
90,2019-02-07,NASDAQ:LSCC,Close,7.81,0.255,12.37,2474,7.9,197.92
91,2019-02-07,NASDAQ:MEDP,Close,67.7,0.255,1.425,285,64.69,857.85
92,2019-02-13,NASDAQ:LSCC,Sell,10.59,11.203,9.61,1922,0.0,0.0
93,2019-02-13,NASDAQ:MEDP,Buy,67.09,11.203,1.515,303,0.0,0.0
94,2019-03-06,NASDAQ:LSCC,Timeout,10.59,1.829,9.61,1922,12.62,-3882.44
95,2019-03-06,NASDAQ:MEDP,Timeout,67.09,1.829,1.515,303,52.16,-4523.79
96,2019-03-28,NASDAQ:LSCC,Buy,11.75,-2.227,5.08,1016,0.0,0.0
97,2019-03-28,NASDAQ:MEDP,Sell,58.3,-2.227,1.02,204,0.0,0.0
98,2019-04-10,NASDAQ:LSCC,Close,11.75,0.327,5.08,1016,13.21,1483.36
99,2019-04-10,NASDAQ:MEDP,Close,58.3,0.327,1.02,204,60.0,-344.76
100,2019-04-16,NASDAQ:LSCC,Sell,13.04,2.598,5.005,1001,0.0,0.0
101,2019-04-16,NASDAQ:MEDP,Buy,56.25,2.598,1.16,232,0.0,0.0
102,2019-04-26,NASDAQ:LSCC,Close,13.04,-0.151,5.005,1001,12.79,260.26
103,2019-04-26,NASDAQ:MEDP,Close,56.25,-0.151,1.16,232,58.7,570.72
104,2019-05-01,NASDAQ:LSCC,Sell,13.48,2.112,5.145,1029,0.0,0.0
105,2019-05-01,NASDAQ:MEDP,Buy,55.66,2.112,1.245,249,0.0,0.0
106,2019-05-17,NASDAQ:LSCC,Close,13.48,-1.276,5.145,1029,12.34,1183.35
107,2019-05-17,NASDAQ:MEDP,Close,55.66,-1.276,1.245,249,54.98,-166.83
108,2019-05-20,NASDAQ:LSCC,Buy,11.46,-2.8,6.495,1299,0.0,0.0
109,2019-05-20,NASDAQ:MEDP,Sell,55.73,-2.8,1.335,267,0.0,0.0
110,2019-05-31,NASDAQ:LSCC,Close,11.46,0.378,6.495,1299,12.79,1740.66
111,2019-05-31,NASDAQ:MEDP,Close,55.73,0.378,1.335,267,53.98,467.25
112,2019-06-11,NASDAQ:LSCC,Sell,15.0,2.081,5.69,1138,0.0,0.0
113,2019-06-11,NASDAQ:MEDP,Buy,55.46,2.081,1.54,308,0.0,0.0
114,2019-06-21,NASDAQ:LSCC,Close,15.0,-0.702,5.69,1138,14.4,694.18
115,2019-06-21,NASDAQ:MEDP,Close,55.46,-0.702,1.54,308,62.55,2186.8
116,2019-07-11,NASDAQ:LSCC,Sell,16.25,2.108,6.135,1227,0.0,0.0
117,2019-07-11,NASDAQ:MEDP,Buy,62.57,2.108,1.59,318,0.0,0.0
118,2019-07-29,NASDAQ:LSCC,Close,16.25,-0.676,6.135,1227,16.38,-171.78
119,2019-07-29,NASDAQ:MEDP,Close,62.57,-0.676,1.59,318,67.68,1624.98
120,2019-07-30,NASDAQ:LSCC,Buy,16.41,-3.406,6.51,1302,0.0,0.0
121,2019-07-30,NASDAQ:MEDP,Sell,79.61,-3.406,1.34,268,0.0,0.0
122,2019-08-20,NASDAQ:LSCC,Timeout,16.41,-0.585,6.51,1302,19.11,3502.38
123,2019-08-20,NASDAQ:MEDP,Timeout,79.61,-0.585,1.34,268,80.59,-265.32
124,2019-09-03,NASDAQ:LSCC,Buy,18.54,-2.711,6.63,1326,0.0,0.0
125,2019-09-03,NASDAQ:MEDP,Sell,80.45,-2.711,1.525,305,0.0,0.0
126,2019-09-06,NASDAQ:LSCC,Close,18.54,0.208,6.63,1326,19.98,1896.18
127,2019-09-06,NASDAQ:MEDP,Close,80.45,0.208,1.525,305,82.99,-777.75
128,2019-09-09,NASDAQ:LSCC,Sell,20.85,3.957,6.165,1233,0.0,0.0
129,2019-09-09,NASDAQ:MEDP,Buy,81.11,3.957,1.58,316,0.0,0.0
130,2019-09-10,NASDAQ:LSCC,Close,20.85,-0.404,6.165,1233,19.18,2046.78
131,2019-09-10,NASDAQ:MEDP,Close,81.11,-0.404,1.58,316,80.48,-199.08
132,2019-09-12,NASDAQ:LSCC,Sell,21.01,2.594,6.555,1311,0.0,0.0
133,2019-09-12,NASDAQ:MEDP,Buy,81.92,2.594,1.68,336,0.0,0.0
134,2019-09-18,NASDAQ:LSCC,Close,21.01,-0.462,6.555,1311,20.34,865.26
135,2019-09-18,NASDAQ:MEDP,Close,81.92,-0.462,1.68,336,84.73,940.8
136,2019-09-24,NASDAQ:LSCC,Buy,19.15,-2.098,7.655,1531,0.0,0.0
137,2019-09-24,NASDAQ:MEDP,Sell,84.64,-2.098,1.73,346,0.0,0.0
138,2019-10-03,NASDAQ:LSCC,Close,19.15,0.14,7.655,1531,18.7,-704.26
139,2019-10-03,NASDAQ:MEDP,Close,84.64,0.14,1.73,346,78.66,2069.08
140,2019-10-30,NASDAQ:LSCC,Sell,19.7,3.336,7.785,1557,0.0,0.0
141,2019-10-30,NASDAQ:MEDP,Buy,74.94,3.336,2.045,409,0.0,0.0
142,2019-11-19,NASDAQ:LSCC,Close,19.7,-0.207,7.785,1557,18.95,1152.18
143,2019-11-19,NASDAQ:MEDP,Close,74.94,-0.207,2.045,409,72.48,-1006.14
144,2019-12-23,NASDAQ:LSCC,Buy,19.54,-2.266,7.88,1576,0.0,0.0
145,2019-12-23,NASDAQ:MEDP,Sell,84.39,-2.266,1.825,365,0.0,0.0
146,2020-01-07,NASDAQ:LSCC,Close,19.54,0.654,7.88,1576,20.1,882.56
147,2020-01-07,NASDAQ:MEDP,Close,84.39,0.654,1.825,365,83.13,456.25
148,2020-01-08,NASDAQ:LSCC,Sell,21.21,2.316,7.57,1514,0.0,0.0
149,2020-01-08,NASDAQ:MEDP,Buy,83.63,2.316,1.92,384,0.0,0.0
150,2020-01-15,NASDAQ:LSCC,Close,21.21,-0.887,7.57,1514,20.65,840.27
151,2020-01-15,NASDAQ:MEDP,Close,83.63,-0.887,1.92,384,89.12,2108.16
152,2020-01-31,NASDAQ:LSCC,Buy,18.61,-2.725,9.42,1884,0.0,0.0
153,2020-01-31,NASDAQ:MEDP,Sell,85.55,-2.725,2.045,409,0.0,0.0
154,2020-02-21,NASDAQ:LSCC,Timeout,18.61,-1.52,9.42,1884,19.03,791.28
155,2020-02-21,NASDAQ:MEDP,Timeout,85.55,-1.52,2.045,409,99.58,-5742.36
156,2020-02-25,NASDAQ:LSCC,Buy,17.81,-2.46,8.44,1688,0.0,0.0
157,2020-02-25,NASDAQ:MEDP,Sell,101.95,-2.46,1.475,295,0.0,0.0
158,2020-03-11,NASDAQ:LSCC,Close,17.81,0.073,8.44,1688,16.46,-2295.68
159,2020-03-11,NASDAQ:MEDP,Close,101.95,0.073,1.475,295,83.64,5398.5
160,2020-03-12,NASDAQ:LSCC,Sell,15.61,2.014,10.62,2124,0.0,0.0
161,2020-03-12,NASDAQ:MEDP,Buy,72.27,2.014,2.29,458,0.0,0.0
162,2020-04-02,NASDAQ:LSCC,Timeout,15.61,0.696,10.62,2124,16.86,-2644.38
163,2020-04-02,NASDAQ:MEDP,Timeout,72.27,0.696,2.29,458,71.92,-160.3
164,2020-04-29,NASDAQ:LSCC,Sell,22.3,4.134,6.795,1359,0.0,0.0
165,2020-04-29,NASDAQ:MEDP,Buy,84.33,4.134,1.795,359,0.0,0.0
166,2020-05-20,NASDAQ:LSCC,Timeout,22.3,0.301,6.795,1359,24.47,-2949.03
167,2020-05-20,NASDAQ:MEDP,Timeout,84.33,0.301,1.795,359,90.08,2060.66
168,2020-06-04,NASDAQ:LSCC,Sell,27.09,2.618,5.43,1086,0.0,0.0
169,2020-06-04,NASDAQ:MEDP,Buy,90.02,2.618,1.63,326,0.0,0.0
170,2020-06-25,NASDAQ:LSCC,Timeout,27.09,0.768,5.43,1086,27.88,-857.94
171,2020-06-25,NASDAQ:MEDP,Timeout,90.02,0.768,1.63,326,88.77,-410.76
172,2020-07-15,NASDAQ:LSCC,Buy,29.7,-6.464,4.735,947,0.0,0.0
173,2020-07-15,NASDAQ:MEDP,Sell,105.06,-6.464,1.335,267,0.0,0.0
174,2020-08-05,NASDAQ:LSCC,Timeout,29.7,-1.436,4.735,947,31.3,1524.67
175,2020-08-05,NASDAQ:MEDP,Timeout,105.06,-1.436,1.335,267,125.8,-5540.25
176,2020-08-31,NASDAQ:LSCC,Buy,28.61,-2.375,4.215,843,0.0,0.0
177,2020-08-31,NASDAQ:MEDP,Sell,129.78,-2.375,1.0,185,0.0,0.0
178,2020-09-02,NASDAQ:LSCC,Close,28.61,0.212,4.215,843,30.96,1989.48
179,2020-09-02,NASDAQ:MEDP,Close,129.78,0.212,1.0,185,130.62,-153.55
180,2020-09-14,NASDAQ:LSCC,Sell,28.71,2.148,4.515,903,0.0,0.0
181,2020-09-14,NASDAQ:MEDP,Buy,118.78,2.148,1.09,218,0.0,0.0
182,2020-09-23,NASDAQ:LSCC,Close,28.71,-0.407,4.515,903,26.48,2018.2
183,2020-09-23,NASDAQ:MEDP,Close,118.78,-0.407,1.09,218,113.01,-1258.95
184,2020-09-24,NASDAQ:LSCC,Sell,27.64,2.742,4.825,965,0.0,0.0
185,2020-09-24,NASDAQ:MEDP,Buy,106.94,2.742,1.245,249,0.0,0.0
186,2020-10-02,NASDAQ:LSCC,Close,27.64,-0.031,4.825,965,28.22,-554.87
187,2020-10-02,NASDAQ:MEDP,Close,106.94,-0.031,1.245,249,115.02,2009.43
188,2020-10-12,NASDAQ:LSCC,Sell,33.77,2.021,4.16,832,0.0,0.0
189,2020-10-12,NASDAQ:MEDP,Buy,125.19,2.021,1.12,224,0.0,0.0
190,2020-11-02,NASDAQ:LSCC,Timeout,33.77,1.405,4.16,832,35.07,-1073.28
191,2020-11-02,NASDAQ:MEDP,Timeout,125.19,1.405,1.12,224,113.68,-2580.48
192,2020-11-09,NASDAQ:LSCC,Sell,40.43,2.135,3.025,605,0.0,0.0
193,2020-11-09,NASDAQ:MEDP,Buy,117.98,2.135,1.035,207,0.0,0.0
194,2020-11-20,NASDAQ:LSCC,Close,40.43,-0.403,3.025,605,40.11,199.65
195,2020-11-20,NASDAQ:MEDP,Close,117.98,-0.403,1.035,207,126.43,1747.08
196,2020-12-03,NASDAQ:LSCC,Buy,41.7,-2.233,3.165,633,0.0,0.0
197,2020-12-03,NASDAQ:MEDP,Sell,132.88,-2.233,1.0,198,0.0,0.0
198,2020-12-24,NASDAQ:LSCC,Close,41.7,0.123,3.165,633,43.75,1303.98
199,2020-12-24,NASDAQ:MEDP,Close,132.88,0.123,1.0,198,139.14,-1239.48
200,2021-01-04,NASDAQ:LSCC,Sell,45.32,2.636,2.915,583,0.0,0.0
201,2021-01-04,NASDAQ:MEDP,Buy,134.42,2.636,1.0,196,0.0,0.0
202,2021-01-08,NASDAQ:LSCC,Close,45.32,-0.06,2.915,583,44.55,454.74
203,2021-01-08,NASDAQ:MEDP,Close,134.42,-0.06,1.0,196,141.75,1436.68
204,2021-02-08,NASDAQ:LSCC,Buy,44.11,-2.218,3.21,642,0.0,0.0
205,2021-02-08,NASDAQ:MEDP,Sell,153.0,-2.218,1.0,185,0.0,0.0
206,2021-02-16,NASDAQ:LSCC,Close,44.11,0.252,3.21,642,48.62,2901.84
207,2021-02-16,NASDAQ:MEDP,Close,153.0,0.252,1.0,185,163.69,-1977.65
208,2021-03-04,NASDAQ:LSCC,Buy,42.12,-2.871,3.47,694,0.0,0.0
209,2021-03-04,NASDAQ:MEDP,Sell,158.36,-2.871,1.0,184,0.0,0.0
210,2021-03-16,NASDAQ:LSCC,Close,42.12,0.108,3.47,694,46.73,3206.28
211,2021-03-16,NASDAQ:MEDP,Close,158.36,0.108,1.0,184,162.57,-776.48
212,2021-04-05,NASDAQ:LSCC,Sell,50.11,2.136,3.16,632,0.0,0.0
213,2021-04-05,NASDAQ:MEDP,Buy,171.45,2.136,1.0,184,0.0,0.0
214,2021-04-14,NASDAQ:LSCC,Close,50.11,-0.062,3.16,632,49.48,404.48
215,2021-04-14,NASDAQ:MEDP,Close,171.45,-0.062,1.0,184,177.83,1172.08
216,2021-04-16,NASDAQ:LSCC,Sell,57.91,4.1,2.87,574,0.0,0.0
217,2021-04-16,NASDAQ:MEDP,Buy,179.91,4.1,1.0,184,0.0,0.0
218,2021-04-22,NASDAQ:LSCC,Close,57.91,-0.134,2.87,574,53.14,2743.72
219,2021-04-22,NASDAQ:MEDP,Close,179.91,-0.134,1.0,184,187.49,1394.72
220,2021-04-27,NASDAQ:LSCC,Sell,54.03,3.041,3.455,691,0.0,0.0
221,2021-04-27,NASDAQ:MEDP,Buy,166.73,3.041,1.12,224,0.0,0.0
222,2021-05-03,NASDAQ:LSCC,Close,54.03,-0.17,3.455,691,49.1,3413.54
223,2021-05-03,NASDAQ:MEDP,Close,166.73,-0.17,1.12,224,168.03,291.2
224,2021-05-26,NASDAQ:LSCC,Sell,52.7,2.016,3.895,779,0.0,0.0
225,2021-05-26,NASDAQ:MEDP,Buy,165.89,2.016,1.235,247,0.0,0.0
226,2021-06-07,NASDAQ:LSCC,Close,52.7,-0.292,3.895,779,50.8,1472.31
227,2021-06-07,NASDAQ:MEDP,Close,165.89,-0.292,1.235,247,170.87,1227.59
228,2021-06-29,NASDAQ:LSCC,Sell,57.27,2.331,3.82,764,0.0,0.0
229,2021-06-29,NASDAQ:MEDP,Buy,177.56,2.331,1.23,246,0.0,0.0
230,2021-07-07,NASDAQ:LSCC,Close,57.27,-0.024,3.82,764,53.33,3017.8
231,2021-07-07,NASDAQ:MEDP,Close,177.56,-0.024,1.23,246,178.24,167.28
232,2021-07-16,NASDAQ:LSCC,Buy,50.26,-2.11,4.67,934,0.0,0.0
233,2021-07-16,NASDAQ:MEDP,Sell,182.94,-2.11,1.28,256,0.0,0.0
234,2021-07-27,NASDAQ:LSCC,Close,50.26,0.857,4.67,934,52.45,2054.8
235,2021-07-27,NASDAQ:MEDP,Close,182.94,0.857,1.28,256,171.14,3018.24
236,2021-07-30,NASDAQ:LSCC,Sell,56.74,2.777,4.58,916,0.0,0.0
237,2021-07-30,NASDAQ:MEDP,Buy,175.94,2.777,1.475,295,0.0,0.0
238,2021-08-16,NASDAQ:LSCC,Close,56.74,-0.165,4.58,916,58.34,-1456.44
239,2021-08-16,NASDAQ:MEDP,Close,175.94,-0.165,1.475,295,184.75,2596.0
240,2021-09-13,NASDAQ:LSCC,Sell,64.12,2.778,4.14,828,0.0,0.0
241,2021-09-13,NASDAQ:MEDP,Buy,185.63,2.778,1.43,286,0.0,0.0
242,2021-09-29,NASDAQ:LSCC,Close,64.12,-0.055,4.14,828,64.0,99.36
243,2021-09-29,NASDAQ:MEDP,Close,185.63,-0.055,1.43,286,187.66,577.72
244,2021-10-18,NASDAQ:LSCC,Sell,67.51,2.654,3.98,796,0.0,0.0
245,2021-10-18,NASDAQ:MEDP,Buy,185.82,2.654,1.445,289,0.0,0.0
246,2021-10-26,NASDAQ:LSCC,Close,67.51,-2.222,3.98,796,68.47,-772.12
247,2021-10-26,NASDAQ:MEDP,Close,185.82,-2.222,1.445,289,213.02,7857.91
248,2021-10-26,NASDAQ:LSCC,Buy,68.47,-2.222,4.44,888,0.0,0.0
249,2021-10-26,NASDAQ:MEDP,Sell,213.02,-2.222,1.425,285,0.0,0.0
250,2021-11-03,NASDAQ:LSCC,Close,68.47,0.178,4.44,888,77.7,8196.24
251,2021-11-03,NASDAQ:MEDP,Close,213.02,0.178,1.425,285,224.25,-3200.55
252,2021-12-16,NASDAQ:LSCC,Buy,70.73,-5.027,4.65,930,0.0,0.0
253,2021-12-16,NASDAQ:MEDP,Sell,209.59,-5.027,1.57,314,0.0,0.0
254,2021-12-28,NASDAQ:LSCC,Close,70.73,0.155,4.65,930,78.12,6872.7
255,2021-12-28,NASDAQ:MEDP,Close,209.59,0.155,1.57,314,218.31,-2734.94
256,2022-01-20,NASDAQ:LSCC,Buy,56.09,-3.077,6.235,1247,0.0,0.0
257,2022-01-20,NASDAQ:MEDP,Sell,169.37,-3.077,2.065,413,0.0,0.0
258,2022-02-09,NASDAQ:LSCC,Close,56.09,0.551,6.235,1247,61.05,6197.59
259,2022-02-09,NASDAQ:MEDP,Close,169.37,0.551,2.065,413,178.7,-3857.42
260,2022-02-15,NASDAQ:LSCC,Sell,60.7,7.4,5.955,1191,0.0,0.0
261,2022-02-15,NASDAQ:MEDP,Buy,138.88,7.4,2.6,520,0.0,0.0
262,2022-03-04,NASDAQ:LSCC,Close,60.7,-0.151,5.955,1191,57.16,4216.14
263,2022-03-04,NASDAQ:MEDP,Close,138.88,-0.151,2.6,520,150.15,5860.4
264,2022-04-01,NASDAQ:LSCC,Buy,59.07,-2.177,6.97,1394,0.0,0.0
265,2022-04-01,NASDAQ:MEDP,Sell,168.03,-2.177,2.45,490,0.0,0.0
266,2022-04-22,NASDAQ:LSCC,Timeout,59.07,-0.811,6.97,1394,47.28,-16421.32
267,2022-04-22,NASDAQ:MEDP,Timeout,168.03,-0.811,2.45,490,150.62,8526.0
268,2022-04-28,NASDAQ:LSCC,Sell,49.64,2.447,7.495,1499,0.0,0.0
269,2022-04-28,NASDAQ:MEDP,Buy,131.87,2.447,2.82,564,0.0,0.0
270,2022-05-16,NASDAQ:LSCC,Close,49.64,-0.297,7.495,1499,47.77,2818.12
271,2022-05-16,NASDAQ:MEDP,Close,131.87,-0.297,2.82,564,140.0,4585.32
272,2022-06-09,NASDAQ:LSCC,Buy,49.89,-2.233,8.2,1640,0.0,0.0
273,2022-06-09,NASDAQ:MEDP,Sell,145.84,-2.233,2.805,561,0.0,0.0
274,2022-06-30,NASDAQ:LSCC,Timeout,49.89,-1.687,8.2,1640,48.49,-2279.6
275,2022-06-30,NASDAQ:MEDP,Timeout,145.84,-1.687,2.805,561,149.67,-2148.63
276,2022-07-01,NASDAQ:LSCC,Buy,45.29,-3.542,8.54,1708,0.0,0.0
277,2022-07-01,NASDAQ:MEDP,Sell,149.59,-3.542,2.585,517,0.0,0.0
278,2022-07-13,NASDAQ:LSCC,Close,45.29,0.305,8.54,1708,48.91,6200.04
279,2022-07-13,NASDAQ:MEDP,Close,149.59,0.305,2.585,517,148.67,475.64
280,2022-07-18,NASDAQ:LSCC,Sell,52.45,2.222,8.01,1602,0.0,0.0
281,2022-07-18,NASDAQ:MEDP,Buy,145.6,2.222,2.885,577,0.0,0.0
282,2022-08-08,NASDAQ:LSCC,Timeout,52.45,0.867,8.01,1602,63.98,-18471.06
283,2022-08-08,NASDAQ:MEDP,Timeout,145.6,0.867,2.885,577,168.69,13317.16
284,2022-09-07,NASDAQ:LSCC,Buy,51.84,-3.026,7.605,1521,0.0,0.0
285,2022-09-07,NASDAQ:MEDP,Sell,153.34,-3.026,2.57,514,0.0,0.0
286,2022-09-28,NASDAQ:LSCC,Timeout,51.84,-0.984,7.605,1521,51.18,-988.65
287,2022-09-28,NASDAQ:MEDP,Timeout,153.34,-0.984,2.57,514,156.41,-1583.12
288,2022-09-30,NASDAQ:LSCC,Buy,49.22,-2.019,7.745,1549,0.0,0.0
289,2022-09-30,NASDAQ:MEDP,Sell,157.16,-2.019,2.425,485,0.0,0.0
290,2022-10-06,NASDAQ:LSCC,Close,49.22,-0.132,7.745,1549,55.32,9464.39
291,2022-10-06,NASDAQ:MEDP,Close,157.16,-0.132,2.425,485,168.26,-5383.5
